ind_dist_vanilla,ind_dist_pca_3,ind_dist_pca_opt
6.3750680900606955,1.2159807797937372,3.2663753688665045
5.940203055715588,1.0938515313580428,2.460794032553048
5.4041713782319665,0.7473364991239283,2.4014601565021763
6.2813604435499615,1.2727460116487195,2.6527902739342784
6.208834186834882,1.3262554635424557,2.606265294180258
5.544308753690058,0.970749670503728,2.474525975012286
6.14003962189748,1.098694965590812,2.5948881878402283
6.12284536436928,1.200333453079706,2.52955218585434
6.121776715103252,1.2442911833802486,2.5251978921535434
6.011827339963972,1.1844227935156544,2.5691122116843124
6.368244858836811,1.2957892492094474,2.5952821168997406
6.488788813464362,1.3264477720455436,2.632999800940648
6.239427118758661,1.3192118315829222,2.488104145944492
5.901565602749443,1.1974661648067702,2.4871760304283015
6.1316614728369885,1.0169586847585912,2.565173614833686
5.943523355417074,0.9804622507557766,2.5588895487924397
5.93197239012667,1.0019982286929734,2.5177080803254195
5.737364638729549,0.8932556246280338,2.482652664645364
6.3705594514122925,1.1647908933933577,2.6179882619232324
5.989373132690056,1.0396777131025248,2.5634062090171064
6.172025767662358,1.1496224242923792,2.5548415577007098
5.990615112951258,1.0344908801961465,2.483383215144264
6.490938182701828,1.1258289574698022,2.5929463090364306
5.79360370795066,0.9910131361231018,2.4707941249995633
6.1124612997449095,1.0677559641503138,2.616154327033722
6.058902826872221,1.0288688287620347,2.5513371449350015
6.0108640043259,1.0629629144517272,2.4675696787670165
5.8978674219518865,1.0186965733590296,2.5180957249199936
6.126145848476797,1.0242404838976849,2.6081931829755542
6.0798464965014025,0.9770119194552752,2.6468958397065374
6.277167669691392,1.060983472912226,2.6574349402867776
6.491316216581572,1.1141937181841877,2.7069156979554343
6.339090385224982,1.0526041818390153,2.6833755670673334
6.331657474861784,1.1371093695911945,2.516528115734906
6.146924281151787,1.1397605371231838,2.5189851700752057
6.063757786474203,1.11766668090681,2.5447140725100676
6.077450250391513,1.1121126466911921,2.6313617830718687
5.916502566124278,1.0853535215983483,2.6161786250629047
6.012703833350339,1.136122774353516,2.4910487807023682
6.5347772615567745,1.2678097104388037,2.7686862899114932
6.252276855789458,1.1157811469847958,2.7302216027727138
6.562378352119211,1.2208198518088338,2.8508730946511553
6.4998864338989355,1.1678127831794434,2.7406290054481217
6.2298510037536285,1.0145517246217537,2.5603100064588475
6.284549804724778,1.1541937686303145,2.589304593058362
5.995892257135025,0.9392901780215754,2.637640334035131
5.477950376399743,0.7056051725640656,2.5696424463115326
5.747451977428926,0.8329411338339567,2.6518828438480884
6.199098842050168,1.110684855501538,2.5843849971073283
6.64039364312519,1.1761739320238116,2.7157214075042346
6.308005693708771,1.1274806878461998,2.6159481349941056
6.605744247698933,1.14932386569155,2.602250798452421
6.154751161237892,1.1355963586557192,2.541821721499814
6.16587677446485,1.172366791892554,2.5627241268126513
6.337261723678013,1.1188295489535462,2.5314476867480504
5.849061705553337,1.0710495737425536,2.4861276621786366
6.225794653793615,1.1536154109307666,2.631917961488395
6.615204179320653,1.237472205071922,2.4401596612418355
6.739232333201349,1.247504693089484,2.689153981780968
6.947975890959161,1.3300874863530803,2.6654579793630417
6.855006800891889,1.2982850222579725,2.6460406123897893
6.732932327669141,1.3121735062756457,2.673683039643926
6.965963238689451,1.3254534847117725,2.705598858771661
6.936827897694838,1.2230425473230429,2.7237374019073695
7.016038460654414,1.3114681130957744,2.6777495236690547
6.933663256117241,1.2896002252300927,2.688894525046244
6.828824263484088,1.3428051337731237,2.5817260005831772
6.842872900648291,1.285823408552256,2.739835001047774
6.5922666555474025,1.253610434067247,2.601088703519378
6.4110085646698645,1.183026596461165,2.494951095147881
6.534355561581582,1.1710674471293487,2.579775331691324
6.425253584412684,1.1339578358851639,2.510767463511223
6.658816347705218,1.242807359921758,2.5503685710415147
6.4390516364711505,1.167427448632273,2.4824823901728528
6.357647566465932,1.180772046649263,2.755441051927929
6.547991914779165,1.2016869975560533,2.6314496236081215
6.690566647459443,1.2614423786753215,2.5801922654784977
6.7291340637854535,1.1945599474179844,2.669898371178893
6.862227690342026,1.298399092124839,2.675591379533879
6.564794370198885,1.1838395611769614,2.6942591916112595
6.840337094896834,1.2918242576951484,2.607621887366364
6.7955074103383595,1.2819494872922124,2.5839229206461325
6.613396426804518,1.2448979811107899,2.5736529065053726
6.214266668147622,1.0652105247899566,2.5158922759983184
6.380627483851682,1.184686333774382,2.5226892257313693
6.477463670859229,1.1825972636839137,2.4865039726479203
6.776141852206797,1.2645034856221584,2.6424091073131417
6.360646557276312,1.2136996524662857,2.4455936876967894
6.399764049046245,1.1773923602635312,2.5537266201455737
6.585298509913213,1.226594564737933,2.5703029276516123
6.834483600296783,1.2927909791259047,2.639946300336083
6.748390675309614,1.2810005306457681,2.5859389444266445
6.691046207276629,1.2679641508234116,2.705536483806308
5.070056350087534,0.6482610222500856,2.5298563405014467
6.250525624770446,1.1744691915336103,2.6231567705886016
6.361258044249586,1.255076127809104,2.6499976966901424
6.137981815452379,1.2282933772351379,2.6268892704467732
6.152994715209414,1.1115492478606908,2.6567893079638836
6.001597423561745,1.2174683704899483,2.505492710436119
6.085355851336359,1.2628108189677565,2.539649879157092
6.236106414719136,1.2791211037092933,2.5346724022684786
5.9183171813954445,1.2491520152314792,2.5003320854571807
6.038585717871,1.244929354092366,2.5215560339519456
5.993525778055896,1.0494556626899882,2.8239781384530898
6.739201754278103,1.391559184902503,2.7101547713741314
5.822950452038097,1.1590405312786638,2.504675669268523
6.55563158788182,1.3038130329283455,2.6760252158067925
6.52445736906058,1.2437442795820333,2.6172569410930673
6.119244897020017,1.2501075181472152,2.505022158838632
6.236810310743563,1.158612998518302,2.608709160217477
5.523200255266394,0.9999712708279284,2.4300234072061913
6.602989638460484,1.3823258633211672,2.6866448849788034
5.9731076642679195,1.136032125394458,2.3446776802133593
5.8763654142245025,1.0677213421485727,2.535907536398612
6.431133455412597,1.301650010225931,2.664877515028682
6.151009572642623,1.187045833899681,2.6542767053991057
5.359670360466939,0.8336669140165943,2.4543328861261484
5.596334323241466,0.8329932050125025,2.5380719470564843
5.94262826822514,1.085041389051489,2.550420981441025
6.399471279233378,1.1135474511799157,2.631988396035343
6.164466601081152,1.0563941431625556,2.706007171216367
6.211798228427483,1.0708108151985922,2.6294257967325563
5.927385787159813,0.9728180994854223,2.699004504131913
6.000855002773636,1.1390303512625004,2.524306192553437
6.037969196152012,1.114980782885151,2.569249586193163
6.429180277751307,1.2008349524361237,2.714117000838346
6.808076608562335,1.3945150133619335,2.734055639476409
6.516563105150994,1.3206641033847648,2.645819439806587
6.031243211042796,1.0193884265324948,2.6776616660668866
5.633925196176335,1.069653665260122,2.5614219909783933
5.905209680978173,1.104510048129492,2.5591007999863513
5.627335869657248,0.9597245493718481,2.507275304794656
6.262676633384986,1.2955699802362723,2.6219250044468954
5.533822108314524,0.8762957831511077,2.585789025024164
6.257538914318818,1.0813671874763051,2.5826200699931547
5.978649988356993,1.0612785277175083,2.53754128208642
5.959312346439939,1.0741269567596028,2.5980287673226385
6.476315539146739,1.188663306410757,2.6277765540018905
6.090805378084505,1.1644567469378062,2.669976900619103
5.6511466709975755,0.9958127923006342,2.469478024394154
6.246369620457245,1.1454546573743316,2.7134112889535977
6.159260406611665,1.1279680781843717,2.600034352638251
5.631624844162839,0.8857554531681114,2.5291601404525923
5.6001995253882875,0.7956642857277482,2.4985475395306684
5.608529541906005,0.8544185445912393,2.347272942415162
5.7234649871598124,0.9074175974468378,2.321710937449635
5.657949105437985,0.8232304330916521,2.4865467145441214
5.975233431670009,1.0582693135960586,2.467251508470127
5.784825494197153,0.9944144243120729,2.4590355059001996
5.733061710125456,0.9535650241608256,2.478723358227835
5.663858012935692,0.9206801937677044,2.46905311465676
5.739094954621272,1.024995909923396,2.4087709691502126
6.1336872273963765,1.1298132217682972,2.466108717607484
6.078469917077207,1.0646118098480182,2.433135965672917
5.897750557938495,1.0309966096036074,2.425357206469252
5.831763822105909,0.8610280020159217,2.4861475178458905
5.5701235203859305,0.8335800291188225,2.493858149055114
5.583051295572169,0.79828449686045,2.3939320503527526
5.590261985682368,0.7906398152528433,2.3982969607827074
5.408566051574374,0.6798999894534888,2.613722106041598
6.5947963944094745,1.0635428336754325,2.7451505889079177
5.483229805605013,0.648809750469351,2.803894987681058
5.651789703655286,0.883622825710157,2.520659759724919
5.75126042450469,1.0028220553476461,2.3763850374530944
5.96815962783658,1.0794549500505812,2.491064512504251
5.703252466989068,1.0002342351823466,2.5460351260969616
6.167416781202377,1.2506105613507752,2.757807761924961
5.838044277389899,1.0569144318023087,2.5099566633616464
5.733843359120452,1.0644730543878071,2.5461806312643898
5.839367168286973,1.010933231064729,2.625786605342855
5.652517859402431,0.9267211808293204,2.5540513759394536
5.453016251033471,0.9857805606085869,2.5086849087496836
5.196641094771601,0.8538374441254287,2.344375118409371
5.55279078498264,0.977976708390147,2.3828167217946774
5.28250990173759,0.865050121279109,2.3099645411208134
6.023728729973307,1.0731852374311461,2.6777033656120617
6.266613273396689,0.9454773053204292,2.5258994942964113
6.203215069245592,0.8748307043384129,2.633182041274831
6.326537072761927,0.9507762575814759,2.7387179615835118
6.057247264774068,0.9393162994830446,2.6235800048859796
6.06276411080284,0.8955768874623395,2.5562431208818865
6.114959419896957,0.8559669421862676,2.458412289440412
6.297994274351023,0.9232440879897159,2.558172362270898
5.938696065414225,0.7554206187381575,2.743261161256191
6.34840435782622,0.8654144074886763,2.715306206253047
6.033163925468441,0.8230408785580167,2.486697590119401
6.1247729551420855,0.9047355484130004,2.5472209788606435
6.17463765760189,0.8497729941356491,2.6222424430506117
6.142894135902887,0.8108480375261881,2.5493640615056945
6.111754292104807,0.9054106154926392,2.4986612337083325
6.330009455209416,1.0113938953180255,2.665839768024723
6.847718407437489,1.1746464685613984,2.841618675249308
6.200327066003674,1.0246385153233997,2.6480850493624026
6.214558956430677,1.0190609351021003,2.7117581195637657
5.7834022996511685,0.8673203351520462,2.4404027512799362
5.853914964867547,0.8298545817071799,2.5940395589097616
6.551805560463994,1.2633793186866715,2.519245133130633
6.588165791103678,1.2723152346171005,2.6529290099701237
6.390287055799453,1.2350724614207778,2.535609388183061
6.375103067367426,1.225661131295957,2.567826323152393
6.7301642907892365,1.3268513947896532,2.6388023625633
6.720588641226864,1.2950786503391694,2.659979303517229
6.801574547428408,1.3402460159337222,2.7054413901648653
6.987173620698065,1.4095700538765685,2.7580626306846296
6.088458766963695,1.0380052914115268,2.4958853045361695
6.214311519922301,1.1325459599335257,2.5851713007268184
6.272946857185369,1.2299225819190447,2.4171420904159935
5.760424060609071,1.0174248116067965,2.5311188402770433
6.519698073258405,1.2557142087492335,2.5894238624667434
6.774006773817257,1.3523725886088762,2.6138610773293265
6.2760913473768145,1.1700650574714528,2.5171157109617828
6.070682006273666,1.1311810500629176,2.4463651162523177
6.911332553098306,1.3956572299290204,2.6557179117198135
6.716463933925561,1.3425544699260168,2.5833560523485426
6.053441722032699,1.060195252479348,2.4943240548808725
6.57472050232302,1.2385690994926013,2.5792804006110543
6.567665784381825,1.2690672056974703,2.543470267400498
6.758369869503387,1.2672318651152048,2.623513537730972
6.580312640545415,1.254214278071277,2.6754140198442125
6.086988545460317,1.1894994466174902,2.5430254110196864
6.442294180690535,1.2551491995435147,2.630993772517513
6.2259800983756355,1.2099234667854448,2.4921580839372535
5.937366268151742,1.1044518954315787,2.536553824923502
6.519086687660232,1.3207626948337767,2.6208111340940485
6.4221182818959806,1.246527339867206,2.6012440756967994
6.365924445575089,1.2416031606847184,2.6031458605639988
5.966787682824459,1.0658313393564098,2.540206441019208
5.904293952251666,1.055044372146895,2.5009957122551065
6.339474239775891,1.1804866866537815,2.562855423035246
6.116437402834385,1.139006828006519,2.5203814467485692
5.935106227763258,1.1678928129937938,2.4727168105880755
6.224085941124017,1.0974850498753095,2.499361293377763
6.005006099040708,1.1563143746754256,2.5768985574297525
5.885445434666761,1.1188093974240851,2.557937351296333
6.303137999607264,1.2538547846425463,2.69291305332013
5.627555241869855,1.0704917771389408,2.419017598643912
5.326578624138674,0.7402253711771296,2.544668632106945
5.954311883652396,1.164257458515641,2.5737423916067566
5.945130105803711,1.1976176861361283,2.5501982269547274
5.631108252155688,0.9949919308899897,2.6037596864260006
5.971501709142613,1.1760527668760719,2.54361473713299
5.750093969489597,1.0751353934098231,2.4892999480291462
6.161176549123308,1.2511363031764662,2.6070195669180123
6.2107826891464954,1.1471115059035433,2.609650314778801
6.529013498283676,1.311366344567293,2.7464810519332965
5.536069219775353,1.0718308481310197,2.338817112563255
5.883973628872053,1.1822772090457052,2.483029163906216
5.296494694925997,0.9330476580976986,2.608311089258218
5.727656974870499,1.070800669648793,2.4979210357646555
5.603298486503894,0.9191184819278063,2.60327380941454
5.801820709009051,0.9467436910455561,2.649991188030026
5.7010125135944865,0.9881562689286935,2.6550309952341324
5.5402159891877245,0.8937085689793203,2.573314748315435
5.828373028669635,0.8708769136402867,2.6203948498432834
5.956333104697049,1.0495142695542468,2.7382414107939588
5.648070475916686,0.899110367555842,2.7064630650610804
5.348353255710313,0.8202383484949554,2.5346690214678875
5.809185558124113,1.1022539975201608,2.5269347070620984
5.659465738067522,0.8962987718349693,2.658714856103287
5.770286325951301,1.0084046651833538,2.7773508837464442
5.931421006916803,0.974613744415697,2.7609564523134535
5.666806485600525,0.9640981510131399,2.685958437297023
5.652863979435986,0.8499151541785431,2.7769854618798346
6.30851653702827,1.1640971747406543,2.458393930289023
6.269473835947291,1.1684260361724657,2.4701436369490524
6.2562061239693545,1.166879989754531,2.4006758299939794
5.760026663140689,1.0236803236612853,2.3678608902169582
6.53292584059252,1.2965994511655174,2.515935130103848
6.42197510492716,1.3096114291319536,2.530857373193074
6.09460085878766,1.221646076110417,2.5874139519551047
6.359137674194036,1.2492969604939428,2.4148141498005122
6.495329799835852,1.2742163742725152,2.4734863181987348
6.1617249115786965,1.1851804478091204,2.5574665484275823
6.379128063164477,1.28323659504459,2.6397008724875746
6.1349279362637406,1.20244717795451,2.4018383772428997
6.434868244749822,1.2336704868349122,2.518152135628458
6.466121812979116,1.3236033308387407,2.575221169494948
6.1010866142388815,1.2170420662940333,2.4179362222052
5.938845269465561,1.1341545230913317,2.3741792694521306
5.96056818347856,1.1422768693918561,2.477240354231497
6.2014490233031205,1.229898189900995,2.4021762703162093
6.377385692759117,1.237037934565531,2.463411634931175
5.947951138327226,1.1672534417035,2.495824189484155
5.540446889154385,1.0008258864135686,2.412326156294891
6.368518668072287,1.2579278027335439,2.5913226624274928
6.587159543103407,1.3404527188331343,2.610592902081425
6.321578227851962,1.2117274835519842,2.4218178571638296
6.205786327720266,1.2018983075132532,2.4255698988308674
5.527198690299535,0.9225275391975951,2.4093891046305047
6.090800911140016,1.1100593613557705,2.4229051448499717
5.917665240779828,1.0985855839868182,2.45241386083974
6.2668425707799456,1.2747413751333452,2.5943829115400643
6.264781184557322,1.2412620193252681,2.6504746081310127
6.2983568578771685,1.1345400085314588,2.471343099090644
6.419144481018491,1.3022088461304464,2.5676099049847894
6.026797499490903,1.2075207048928045,2.544814682129092
6.326979293614491,1.2922045178181731,2.5660537316282626
6.499017842781775,1.358135488987807,2.545281539505421
6.499819855295308,1.3712084990493503,2.7012810848032203
5.947944663043884,1.1530120125011838,2.464375688135025
6.33439092817732,1.2789274235913997,2.704370005338648
5.955862706336139,1.1698281254451248,2.5092628346250616
6.385073800633626,1.3138925327108353,2.5485501845189935
6.220260235038702,1.2093142132781995,2.531301390557409
6.234677570641878,1.2582910274417867,2.5527161214739054
6.260261961254595,1.2591609430014712,2.5134430075103444
6.187998583076211,1.2564661344891632,2.4820442207992968
6.171611750032507,1.2082260269584997,2.540017551328384
6.812553052094687,1.4472644844745612,2.7045089336601063
6.883579094098106,1.4159884875439903,2.7478925963874405
6.493155768916924,1.3168914276406767,2.5530877051330902
6.539650399886148,1.3285802289096857,2.6040111770320737
6.328928385668376,1.2690894466315354,2.4445853784388745
6.169721419404045,1.0696513865599449,2.5533375581747686
6.041526985771584,0.9968701902261417,2.4184340483174664
6.1001002570198075,0.991613029210799,2.571094698535036
5.912276978403157,0.9326373645970667,2.5159735290294
5.757949883744932,0.9423579492575531,2.496959710588175
5.701228337553058,0.7979430990341619,2.5422360212351607
5.921266787770082,0.8599661225717316,2.5923656982967884
6.28438714681947,1.0158009635128262,2.6844026155329144
5.986585229739453,0.9604295418358503,2.444036015842636
6.2755784876092005,1.0546523058034574,2.8225782553894585
6.5197349715299895,1.1213190556262849,2.7703427452154594
6.232514358446409,0.993175952662461,2.6867993396559293
6.297698652682339,1.056600645967264,2.8236712411533276
6.242552113716864,1.1010388424910584,2.694507260720831
6.916636396678885,1.2297861406247932,2.872633486717668
5.9874008508278385,1.0315487471656242,2.3624086584357373
5.785174052570621,0.9553034989583007,2.340858212919458
5.719910358786264,0.9303913675202024,2.401428909318149
5.691525430319676,0.9538729675610337,2.3459391149098368
5.9141693077473425,0.9506382559225394,2.4550760323269523
6.287226466382627,1.0871729615911003,2.475294684790464
6.232777224282645,1.041139925998307,2.655748735270513
5.789208808613796,0.9249633930424404,2.5188231311061187
6.2962488185481655,1.0259834638078584,2.6161388712372937
6.070447548387768,0.9344477885155794,2.559407917704054
5.681060661839743,0.7839092622661125,2.380597352533817
6.050232208007244,0.9778940445602439,2.5454055628280754
6.261401424686415,1.0408004613388253,2.52025331179229
6.44863433426328,1.1213071935481767,2.635075786290209
6.256474244354448,0.9989563560379562,2.49240577376795
5.444943442144933,0.7435009054440418,2.4621218415844286
6.128769946762962,0.9225053385101476,2.650831621806301
6.10858957368208,1.2449878907992113,2.4999561848412464
5.962515190328609,1.1567014740257875,2.5942599369535295
6.105671666247156,1.1822178132262653,2.621700087992709
6.289038503784242,1.2828180488637568,2.577784848578913
6.11251849622651,1.169135919797985,2.4826101218606813
6.615185478952996,1.3593761725546678,2.737760229613913
6.624953983027193,1.3165431959450247,2.689232152108828
6.152143112953968,1.2063945636275406,2.5210234495555395
6.292454500915774,1.1976336904134108,2.523661704380165
6.223387477524934,1.1823113348856653,2.498493482192961
6.132500893506821,1.1310685077047171,2.559549593214989
6.006968892901929,1.0818606750966793,2.4420535241590566
6.242878397174478,1.1857513160873427,2.520941377188937
6.355850348468849,1.2957824344907611,2.570598654038433
6.309724362390361,1.2700543699642635,2.686041851456209
6.217327189467902,1.2410778441654131,2.6060238775235236
5.762608528421896,1.004464786407973,2.4833722862504635
5.982072268431031,1.1065157719507406,2.633729889613431
6.08242215477475,1.1893577110291722,2.6363130805988693
6.373667153757148,1.321442883087789,2.6815156424615183
6.356127562660779,1.277222069334118,2.6753038830254168
6.3667824358698715,1.265263904954271,2.6022956482128694
6.302783952196447,1.2897735302076931,2.4426295159733415
6.188016119956492,1.2678353244663,2.5208549201466157
6.350420939033827,1.3413821577757805,2.6294922745080487
6.28471078975089,1.3233839408522103,2.5056978999706354
6.552882097244027,1.3725178563835592,2.7594320393528164
6.754678747477978,1.4562577204630573,2.6943372923357196
6.383428782763326,1.389652878458919,2.6012607922048394
6.724360894813196,1.4979726586540807,2.6416312143649034
5.902867304989752,1.0841459857154003,2.6868359239318855
5.386410286877186,0.9412489234063542,2.4727011257267035
5.410234643364489,0.7464188097333252,2.6334766043274156
5.785165750930375,1.1019945807563964,2.597236162625835
5.694641076375566,0.8559052397998339,2.4202318012121498
5.933462730945222,0.9413983283004923,2.3793421959120375
5.753273997718802,0.898291859191314,2.4147638020916427
6.0578065784605855,0.9651582266562478,2.5010003089511716
5.89544062581042,0.9045103411200953,2.544478822076361
5.717415736799172,0.8490904625002417,2.493131160730559
6.080705712982622,1.0179881528273573,2.4830443480855657
6.1609963442839355,1.020941973161968,2.5944558254431382
5.915363100486843,0.9046221987577721,2.3886859245008885
6.054539885213695,0.8739753866431821,2.503542941980157
6.206182351105901,1.0214368285456963,2.5065103011478755
5.799074075014916,0.9312708849578336,2.449764198769698
6.059274653115807,0.9432872211865114,2.4680402660389578
6.424780439985153,1.0807895801068887,2.558708395476491
5.987275561284509,0.9712694245015235,2.643169022556314
5.593195545616355,0.8107457432540578,2.4607740047137723
6.028345463520584,0.9687327583806659,2.4430610046223555
6.310343559660079,1.0097686821248546,2.4442702765353315
6.25951660157821,1.0615220327130594,2.5810949719308613
5.901557566824003,0.9399633217721955,2.351823160883807
6.16804707538146,0.9277537994170583,2.462151688349595
6.073899391141378,0.9275134821785354,2.4231780507098546
6.026834992028544,1.1024189009527914,2.5156620563456884
6.315049629595349,1.2225434847587877,2.5905748328379046
6.107797688342414,1.1522341402087872,2.5486517577333356
5.96423487540109,1.1215777003171858,2.4716634113629206
6.013023333236788,1.0677738178971623,2.5207915412360915
6.372329005731419,1.210125481330834,2.5365762225255235
6.336820889905988,1.2016507416718787,2.64669888143763
6.43480142454322,1.2756276162884037,2.4973125475027684
6.352743981613619,1.1852795519487977,2.4756064814272465
6.127060469634789,1.1865018210097742,2.595086791795269
5.504110677614237,0.9638132128799661,2.409435316239496
5.88480055270165,1.0477269007305872,2.4896023067816393
5.88051878214637,1.128351333853089,2.4888789479260276
5.901763776146047,1.0911407113717617,2.5801824431782534
6.428386340136933,1.192634737428973,2.7480989117129284
6.33454582429658,1.2721971618250953,2.6095194123065704
6.324114012916558,1.2360690036941584,2.581227884408937
6.485764729734844,1.327131667634013,2.8319675120884438
6.062360519917258,1.1558900083777903,2.6033552479251747
5.7295456800731,1.0506614894132247,2.5191300881217225
6.1690566990663775,1.2015565888301996,2.520889183237386
6.145342960312472,1.1456609097299681,2.4091825742305084
5.7935192348195494,1.1026180627650835,2.602660093794336
6.166828100863462,1.2061609081503037,2.6514099755325553
6.214514212257642,1.2036702653552782,2.6898761220892373
6.347279578771668,1.292103953779265,2.635681504572857
6.142486663801149,1.216555957601279,2.576433346969647
5.937503391772596,1.0698285546206985,2.4682181896837507
6.018389526128973,1.1423786377463199,2.413216323690079
6.297146583046855,1.2596526185830983,2.535835228148322
5.969359592373053,1.171499620728823,2.6358659250483525
6.360984766981752,1.3276046595308908,2.6267875564648393
5.801385570539446,0.772817038244954,2.8848076933136513
5.580977011353299,0.6835894216323435,2.640012226601249
5.677925158512241,0.8101929509434975,2.379252243324588
5.666908383071376,0.9723154803311573,2.5498889180731346
5.024729130084363,0.7476157130230926,2.546718329116041
5.681029558152882,0.9300308650862908,2.5620740045916173
5.770269588104706,1.1136567056817497,2.59027443417653
5.791829416374479,1.2278015682642556,2.5164089843556567
5.896367690361559,1.2720808669199704,2.450770431561071
5.617599702437371,1.1397776602411247,2.492393612619805
5.9684517772577275,1.182231805654036,2.699556977457336
5.7027045397972405,1.227758774892865,2.510879724575843
5.423149918471151,1.1163115947046485,2.475344817686917
5.880024049405415,1.1716823401499479,2.5809506439307044
5.703573241403136,1.209695342168471,2.627352759811067
5.704788288270191,1.1814584315734797,2.71657722673091
6.014415919432252,1.3889925073934941,2.80409506729062
6.0638020361097515,1.3380840937838647,2.8369517559376876
5.9589281311793085,1.2258255451969493,2.5296446543248963
5.54167619023826,1.1729778961029318,2.635853334580851
5.626302869496238,1.1786289648892274,2.5857250419785225
5.627313349436537,1.0960168381528337,2.6247128392974446
6.135046401289376,1.3062138027679098,2.711846544593603
5.981936299094845,1.1769834036135685,2.7464398858997847
5.744658799072672,1.1129475587725708,2.5608704098936963
5.817555120979948,1.1319905511612924,2.6219119269471274
5.786853034313609,1.1226165546693678,2.592369486325212
5.746085789832007,1.140722710317434,2.5383367858910426
5.839365182868439,1.1148948658961018,2.6690197910003812
5.527728389449985,1.0700866270417053,2.568553395688482
5.637880824829511,1.0012400316502805,2.5953961100009195
5.5818222707313785,1.1132919251041644,2.599803677003785
5.620586905846786,1.1148696665694193,2.6475475615456188
5.31685255317461,0.961173413531869,2.41866644549142
5.610901085114669,1.090624496827713,2.5126335282849723
6.152000753694851,1.1911270592166505,2.4652302022679837
5.177745512783599,0.7327435788201175,2.4312173853254957
6.489660735088947,1.273179696492709,2.710423584986006
5.879100084149904,1.0100825246601315,2.4799681707025516
6.34716349316642,1.289014852299616,2.517697164064148
6.356173508097564,1.3395982559962354,2.5527421197114695
6.206233021852837,1.0982040445403063,2.5967469632566798
6.368038837937942,1.2925109744907235,2.586164941581931
6.047621536792003,1.2836554652470076,2.5604549806375125
6.149308381496674,1.290240996317691,2.659477902662578
6.343535280291023,1.255574769109037,2.69552058820827
6.235666210364189,1.1602940406256397,2.5909584150993576
6.075579826697862,1.1861582910097332,2.5399064271883884
5.897528316886198,1.0852047612774398,2.6125461669140684
6.225096115520643,1.2226991447721787,2.675054548842033
6.210391579190132,1.2452681532564875,2.533128052338973
6.3043677969201,1.2944805284663365,2.506849491216892
5.9851629707834615,1.2447222529666178,2.416331756826818
6.281538399987773,1.335023027670024,2.5184074934238496
6.164436589980998,1.2166688415576505,2.639148376073523
6.808780959199873,1.287820296899466,2.7430054192903937
6.4039960248033445,1.1800130006494807,2.688022083627032
6.625130884960588,1.2323918501861442,2.610502859170695
6.254408702570632,1.1051004642355087,2.5349046071070043
6.245797096839463,1.0477520810798495,2.5159365399716784
6.236464912215266,1.0225644149980295,2.4374236737615753
6.399924120124322,1.1206487408911703,2.4443380999175575
6.380023085353349,1.120769935957792,2.4833116060193006
5.710694661158621,0.8565723643646466,2.4159525969189075
6.191641457546776,1.0433682154094193,2.4634210037838753
5.552340013345382,0.771382378424287,2.3126407608884416
6.1593373179647095,1.0500333878683974,2.4284576353537
6.181131113588156,1.0290017239891738,2.4709643180079848
6.3381526151451295,1.0446046696467015,2.4475582434645706
6.3276326578596755,1.031213571562204,2.4097596907042393
6.246365376536883,1.021503452317316,2.4616968160654586
6.264974458227189,1.05613517824135,2.4617837822489292
6.348270439892586,1.0927442947049624,2.5277206368634153
6.345311838945457,1.1488668890094498,2.4622140665677565
6.237568128362533,1.1174488769383206,2.4483613197943197
6.461639889522358,1.159319207580295,2.553643355195286
6.418133998552196,1.1756855824930321,2.663096929022823
6.697095495250815,1.2348926808583276,2.6170202691077944
6.738635313947507,1.2118332616094944,2.6888692965052767
6.372739545732091,1.0788934077720618,2.6391579578084516
5.611392138394666,0.8585076688960434,2.494051080863582
6.316697730132053,1.1489904317580342,2.5301693563563967
6.329792907418028,1.095358072824647,2.544489174073762
6.054932906800199,1.0374923768478241,2.3667161927215603
6.3012083388028755,1.1175611097142784,2.4417429836069475
6.138245872505493,0.9973846251299403,2.543421315764808
5.904744280892548,0.9429059870348507,2.4613882771805007
6.273403700582947,1.1920763763267914,2.6785363369981496
5.888704985390988,1.0351053619819157,2.5154858521087013
6.350672404370254,1.2617280977624292,2.511278679612133
6.189469846399199,1.138974938471259,2.545205748886877
6.281779791167212,1.1747675028856128,2.409594498588809
6.490974566430187,1.1881668063804662,2.5710154163162797
6.583063139276547,1.1889496640132016,2.583513758286459
6.425919869335728,1.1223012044722736,2.6319938932301126
6.317676192862067,1.1022863950914055,2.6033695579938656
6.536636085012878,1.2120750490576095,2.6415353359107154
6.0336414437555,1.0010497907183056,2.59724882374134
6.66880061191389,1.1601604124270326,2.8002719415666815
6.384401547512238,1.0591280114887929,2.6227804112454027
6.284908112752873,1.0682226212117016,2.5664603501261323
6.915355868969848,1.221887320546032,2.6829098545881123
6.909279205206714,1.239738217009839,2.904302258261214
6.808218804345256,1.2387582468088765,2.631852727008799
6.63828687403023,1.1628036577541845,2.5749148674330566
6.5645550333942,1.1646506585950522,2.7690698246161656
6.32176734405069,1.07971297322616,2.63081697288317
6.3960356681892,1.1848219258541757,2.5258560704812716
6.152796147507691,1.1161647510874662,2.4609634765524726
6.353344382943236,1.1693261703133428,2.4909611733966197
6.109077482617778,1.0914470114076058,2.511909948807764
6.361191140624411,1.079996530156831,2.452845565030908
6.285024748422636,1.0817596538172045,2.5491906395256625
6.488883262306538,1.144843782580408,2.500597762825352
6.266502354752954,1.0847436811806785,2.501982837959843
6.323397053718502,1.0976568601134262,2.6122624019414347
6.253872430532985,1.110598620431501,2.5851292839580617
6.178743375069282,1.0626780745185356,2.56755245975468
6.354896632505746,1.1400557688381887,2.6341331988684358
6.467224006581322,1.2193911634600276,2.5663928479826463
6.552131931449858,1.131942435821056,2.4695492331342703
6.5317206304203435,1.1363455618579965,2.5611859293066987
6.702865388912512,1.244016751990699,2.6448420900788574
5.433127502380237,0.7386899535163318,2.329424950185544
5.951216340353733,0.9626186355382149,2.4015626510302375
6.379539438516302,1.0760284627265633,2.6734056364124634
6.414264836304564,1.1387440349946307,2.5857443705767587
6.182271565734231,1.0379668764753298,2.57252814619139
5.6557798393296945,1.0337829045591713,2.3144850961151753
5.778489888135123,1.0034500478386124,2.482638704492149
5.698148372858541,1.009908419470806,2.5338648640115116
5.691213991809534,0.9794012602312931,2.485898171966588
5.519455454047301,0.820054847440138,2.459835587671241
5.827586798877399,0.9593375208113119,2.544912195561919
5.589774638007389,0.9519652593682558,2.5363947191115943
6.000554707005673,1.0859940137017436,2.7484682117265447
5.789837564325418,0.9651178009175682,2.641485729896679
6.094037748696232,1.0847529483314726,2.5373386206327644
5.679481773019275,0.801401285691424,2.617410539516031
5.873194387744713,1.0313618948574894,2.4741489099616385
5.71248768679955,0.8498732706903102,2.368253890324531
5.967099448516907,1.0419265608602728,2.505562460706766
6.13734989110031,1.1341901864543473,2.5824741328597334
6.496234357114937,1.264964534272507,2.5576950309681403
6.376231414241404,1.2341984207124492,2.581252538918273
6.4345874421475715,1.2674157437765374,2.5833993617759345
6.276572111766151,1.1761038990897608,2.592282436055976
6.259643844187641,1.1834609979543238,2.5421763851246433
6.563651484968809,1.3298974237927421,2.545153198050392
6.374355445248574,1.1797527464609256,2.582832139501511
6.205468420496723,1.1691949754574575,2.5689303397319017
6.3906922442906735,1.2358775041119494,2.561651571894556
6.844320321316557,1.3423684128515483,2.7013259388743407
5.943319253695668,1.0328390814172796,2.4977744018581176
5.720753765039652,0.8731662775332923,2.608186711025537
6.421962703301007,1.279322114574378,2.629404603752627
6.496869989589928,1.2349393621740226,2.598103175632492
0.0,0.0,0.0
